{
    "root_group": {
        "name": "",
        "path": "",
        "id": "d41d8cd98f00b204e9800998ecf8427e",
        "groups": {},
        "checks": {
                "status is 200 (ok)": {
                    "path": "::status is 200 (ok)",
                    "id": "64090855956acd846ed7206255792f8a",
                    "passes": 10892,
                    "fails": 0,
                    "name": "status is 200 (ok)"
                },
                "json ok = true": {
                    "name": "json ok = true",
                    "path": "::json ok = true",
                    "id": "0bf334b5db760ee2e25416391d2f1ae6",
                    "passes": 10892,
                    "fails": 0
                },
                "cloud matches EXPECT (aws)": {
                    "path": "::cloud matches EXPECT (aws)",
                    "id": "81912986f77b960fcd60ee57b212685c",
                    "passes": 10892,
                    "fails": 0,
                    "name": "cloud matches EXPECT (aws)"
                }
            }
    },
    "metrics": {
        "http_req_connecting": {
            "p(90)": 17.1489465,
            "p(95)": 17.993549749999993,
            "avg": 17.97731575055084,
            "min": 8.114314,
            "med": 13.803676,
            "max": 1092.554128
        },
        "data_received": {
            "count": 2723000,
            "rate": 7552.117008921582
        },
        "vus": {
            "value": 1,
            "min": 1,
            "max": 50
        },
        "http_req_duration": {
            "avg": 25.00733501496523,
            "min": 19.140331,
            "med": 23.925632999999998,
            "max": 185.710263,
            "p(90)": 27.6426266,
            "p(95)": 28.12273625,
            "thresholds": {
                "p(95)<300": false,
                "p(99)<800": false
            }
        },
        "checks": {
            "passes": 32676,
            "fails": 0,
            "value": 1
        },
        "http_req_tls_handshaking": {
            "min": 0,
            "med": 0,
            "max": 0,
            "p(90)": 0,
            "p(95)": 0,
            "avg": 0
        },
        "http_req_receiving": {
            "max": 31.764009,
            "p(90)": 11.3424748,
            "p(95)": 11.4322819,
            "avg": 10.715614759915539,
            "min": 2.919004,
            "med": 10.954623
        },
        "http_req_blocked": {
            "avg": 18.045616965754647,
            "min": 8.142696,
            "med": 13.866869999999999,
            "max": 1092.659072,
            "p(90)": 17.2182481,
            "p(95)": 18.063186249999998
        },
        "http_req_duration{expected_response:true}": {
            "med": 23.925632999999998,
            "max": 185.710263,
            "p(90)": 27.6426266,
            "p(95)": 28.12273625,
            "avg": 25.00733501496523,
            "min": 19.140331
        },
        "vus_max": {
            "value": 50,
            "min": 50,
            "max": 50
        },
        "iterations": {
            "count": 10892,
            "rate": 30.20846803568633
        },
        "http_reqs": {
            "count": 10892,
            "rate": 30.20846803568633
        },
        "data_sent": {
            "rate": 2205.218166605102,
            "count": 795116
        },
        "http_req_failed": {
            "passes": 0,
            "fails": 10892,
            "thresholds": {
                "rate<0.01": false
            },
            "value": 0
        },
        "http_req_sending": {
            "min": 0.007767,
            "med": 0.0500585,
            "max": 1.714248,
            "p(90)": 0.09913699999999996,
            "p(95)": 0.12211269999999992,
            "avg": 0.05989220235034866
        },
        "http_req_waiting": {
            "avg": 14.231828052699178,
            "min": 9.159588,
            "med": 12.832618,
            "max": 174.980769,
            "p(90)": 16.9477121,
            "p(95)": 17.0871419
        },
        "iteration_duration": {
            "med": 1242.7222755,
            "max": 2468.945415,
            "p(90)": 1401.5767099,
            "p(95)": 1421.9251407,
            "avg": 1245.1949814176453,
            "min": 1032.361882
        }
    }
}