{
    "metrics": {
        "vus_max": {
            "max": 50,
            "value": 50,
            "min": 50
        },
        "http_req_failed": {
            "fails": 10895,
            "passes": 0,
            "thresholds": {
                "rate<0.01": false
            },
            "value": 0
        },
        "http_req_connecting": {
            "avg": 20.84322090178992,
            "min": 7.528673,
            "med": 13.40968,
            "max": 2333.145756,
            "p(90)": 16.8330294,
            "p(95)": 17.7639901
        },
        "http_req_sending": {
            "p(90)": 0.07790940000000002,
            "p(95)": 0.09341739999999993,
            "avg": 0.0487874245984397,
            "min": 0.004911,
            "med": 0.042235,
            "max": 3.256615
        },
        "iterations": {
            "count": 10895,
            "rate": 29.057759431396637
        },
        "http_req_receiving": {
            "max": 1495.351374,
            "p(90)": 11.2650808,
            "p(95)": 11.4353693,
            "avg": 11.655546721523635,
            "min": 0.03817,
            "med": 10.20595
        },
        "http_reqs": {
            "count": 10895,
            "rate": 29.057759431396637
        },
        "data_received": {
            "count": 2723750,
            "rate": 7264.439857849159
        },
        "http_req_duration": {
            "avg": 26.276123458283585,
            "min": 17.396798,
            "med": 23.98571,
            "max": 1508.180864,
            "p(90)": 27.2790162,
            "p(95)": 28.1817451,
            "thresholds": {
                "p(95)<300": false,
                "p(99)<800": false
            }
        },
        "http_req_tls_handshaking": {
            "avg": 0,
            "min": 0,
            "med": 0,
            "max": 0,
            "p(90)": 0,
            "p(95)": 0
        },
        "vus": {
            "max": 50,
            "value": 1,
            "min": 1
        },
        "data_sent": {
            "count": 795335,
            "rate": 2121.2164384919542
        },
        "checks": {
            "fails": 0,
            "passes": 32685,
            "value": 1
        },
        "http_req_duration{expected_response:true}": {
            "p(90)": 27.2790162,
            "p(95)": 28.1817451,
            "avg": 26.276123458283585,
            "min": 17.396798,
            "med": 23.98571,
            "max": 1508.180864
        },
        "http_req_waiting": {
            "avg": 14.57178931216157,
            "min": 8.487111,
            "med": 13.732239,
            "max": 1282.858351,
            "p(90)": 16.864666800000002,
            "p(95)": 17.2098478
        },
        "http_req_blocked": {
            "avg": 20.897013372739824,
            "min": 7.564326,
            "med": 13.458063,
            "max": 2333.247745,
            "p(90)": 16.894169599999998,
            "p(95)": 17.830932999999998
        },
        "iteration_duration": {
            "p(95)": 1420.4052226000001,
            "avg": 1245.080593701331,
            "min": 1033.882394,
            "med": 1239.81069,
            "max": 2668.097717,
            "p(90)": 1400.1630984
        }
    },
    "root_group": {
        "path": "",
        "id": "d41d8cd98f00b204e9800998ecf8427e",
        "groups": {},
        "checks": {
                "status is 200 (ok)": {
                    "id": "64090855956acd846ed7206255792f8a",
                    "passes": 10895,
                    "fails": 0,
                    "name": "status is 200 (ok)",
                    "path": "::status is 200 (ok)"
                },
                "json ok = true": {
                    "path": "::json ok = true",
                    "id": "0bf334b5db760ee2e25416391d2f1ae6",
                    "passes": 10895,
                    "fails": 0,
                    "name": "json ok = true"
                },
                "cloud matches EXPECT (aws)": {
                    "path": "::cloud matches EXPECT (aws)",
                    "id": "81912986f77b960fcd60ee57b212685c",
                    "passes": 10895,
                    "fails": 0,
                    "name": "cloud matches EXPECT (aws)"
                }
            },
        "name": ""
    }
}