{
    "root_group": {
        "path": "",
        "id": "d41d8cd98f00b204e9800998ecf8427e",
        "groups": {},
        "checks": {
                "status is 200 (ok)": {
                    "name": "status is 200 (ok)",
                    "path": "::status is 200 (ok)",
                    "id": "64090855956acd846ed7206255792f8a",
                    "passes": 584,
                    "fails": 0
                },
                "json ok = true": {
                    "fails": 0,
                    "name": "json ok = true",
                    "path": "::json ok = true",
                    "id": "0bf334b5db760ee2e25416391d2f1ae6",
                    "passes": 584
                },
                "cloud matches EXPECT (aws)": {
                    "path": "::cloud matches EXPECT (aws)",
                    "id": "81912986f77b960fcd60ee57b212685c",
                    "passes": 584,
                    "fails": 0,
                    "name": "cloud matches EXPECT (aws)"
                }
            },
        "name": ""
    },
    "metrics": {
        "iteration_duration": {
            "avg": 172.26850938698635,
            "min": 161.624083,
            "med": 171.683345,
            "max": 201.494746,
            "p(90)": 178.37420219999998,
            "p(95)": 179.7394385
        },
        "checks": {
            "passes": 1752,
            "fails": 0,
            "value": 1
        },
        "http_req_blocked": {
            "med": 30.0312035,
            "max": 35.633517,
            "p(90)": 32.875083100000005,
            "p(95)": 33.76596455,
            "avg": 29.927175551369867,
            "min": 25.206984
        },
        "http_req_connecting": {
            "p(95)": 33.7079299,
            "avg": 29.857107191780788,
            "min": 25.169063,
            "med": 29.971021,
            "max": 35.479486,
            "p(90)": 32.7971267
        },
        "http_req_sending": {
            "avg": 0.05047238869863019,
            "min": 0.00915,
            "med": 0.043233,
            "max": 0.315895,
            "p(90)": 0.0882392,
            "p(95)": 0.10584395000000005
        },
        "iterations": {
            "count": 584,
            "rate": 28.967471060562783
        },
        "http_req_tls_handshaking": {
            "med": 0,
            "max": 0,
            "p(90)": 0,
            "p(95)": 0,
            "avg": 0,
            "min": 0
        },
        "data_sent": {
            "rate": 2114.625387421083,
            "count": 42632
        },
        "vus_max": {
            "max": 5,
            "value": 5,
            "min": 5
        },
        "data_received": {
            "count": 148336,
            "rate": 7357.737649382947
        },
        "http_req_failed": {
            "passes": 0,
            "fails": 584,
            "thresholds": {
                "rate<0.01": false
            },
            "value": 0
        },
        "http_req_receiving": {
            "p(95)": 12.053137950000002,
            "avg": 10.574908525684926,
            "min": 3.287614,
            "med": 10.336313,
            "max": 30.675419,
            "p(90)": 11.4805868
        },
        "vus": {
            "max": 5,
            "value": 5,
            "min": 5
        },
        "http_req_duration": {
            "avg": 41.622648077054805,
            "min": 35.30603,
            "med": 40.9758755,
            "max": 67.605533,
            "p(90)": 45.0020686,
            "p(95)": 46.157637650000005,
            "thresholds": {
                "p(95)<500": false
            }
        },
        "http_req_duration{expected_response:true}": {
            "med": 40.9758755,
            "max": 67.605533,
            "p(90)": 45.0020686,
            "p(95)": 46.157637650000005,
            "avg": 41.622648077054805,
            "min": 35.30603
        },
        "http_req_waiting": {
            "min": 25.553246,
            "med": 30.541493000000003,
            "max": 56.522943,
            "p(90)": 34.0824218,
            "p(95)": 34.8073611,
            "avg": 30.997267162671232
        },
        "http_reqs": {
            "count": 584,
            "rate": 28.967471060562783
        }
    }
}