{
    "root_group": {
        "groups": {},
        "checks": {
                "status is 200 (ok)": {
                    "passes": 277,
                    "fails": 0,
                    "name": "status is 200 (ok)",
                    "path": "::status is 200 (ok)",
                    "id": "64090855956acd846ed7206255792f8a"
                },
                "json ok = true": {
                    "fails": 0,
                    "name": "json ok = true",
                    "path": "::json ok = true",
                    "id": "0bf334b5db760ee2e25416391d2f1ae6",
                    "passes": 277
                },
                "cloud matches EXPECT (aws)": {
                    "path": "::cloud matches EXPECT (aws)",
                    "id": "81912986f77b960fcd60ee57b212685c",
                    "passes": 277,
                    "fails": 0,
                    "name": "cloud matches EXPECT (aws)"
                }
            },
        "name": "",
        "path": "",
        "id": "d41d8cd98f00b204e9800998ecf8427e"
    },
    "metrics": {
        "http_req_connecting": {
            "p(95)": 34.002488,
            "avg": 43.98278410830325,
            "min": 26.975967,
            "med": 31.178941,
            "max": 1111.903494,
            "p(90)": 33.4496822
        },
        "http_req_failed": {
            "passes": 0,
            "fails": 277,
            "thresholds": {
                "rate<0.01": false
            },
            "value": 0
        },
        "http_req_duration": {
            "p(90)": 44.658737599999995,
            "p(95)": 45.238293999999996,
            "avg": 43.13025545126355,
            "min": 38.484129,
            "med": 42.723549,
            "max": 276.306165,
            "thresholds": {
                "p(95)<500": false
            }
        },
        "http_req_tls_handshaking": {
            "min": 0,
            "med": 0,
            "max": 0,
            "p(90)": 0,
            "p(95)": 0,
            "avg": 0
        },
        "http_req_waiting": {
            "avg": 32.33473266787004,
            "min": 28.057178,
            "med": 32.449314,
            "max": 266.509787,
            "p(90)": 33.6273868,
            "p(95)": 34.119421
        },
        "data_received": {
            "rate": 6359.787383888663,
            "count": 70358
        },
        "http_req_sending": {
            "max": 0.881644,
            "p(90)": 0.10645700000000001,
            "p(95)": 0.1380093999999999,
            "avg": 0.07047986642599281,
            "min": 0.018939,
            "med": 0.05564
        },
        "http_req_receiving": {
            "avg": 10.725042916967501,
            "min": 9.460116,
            "med": 10.894287,
            "max": 12.523704,
            "p(90)": 11.3956852,
            "p(95)": 11.5917688
        },
        "iteration_duration": {
            "p(95)": 179.26962519999998,
            "avg": 185.43835957400717,
            "min": 166.537515,
            "med": 174.910443,
            "max": 1258.319431,
            "p(90)": 178.2267246
        },
        "checks": {
            "fails": 0,
            "passes": 831,
            "value": 1
        },
        "vus": {
            "value": 5,
            "min": 5,
            "max": 5
        },
        "http_req_blocked": {
            "avg": 44.06295017689533,
            "min": 27.034201,
            "med": 31.24079,
            "max": 1111.972128,
            "p(90)": 33.5092694,
            "p(95)": 34.0785162
        },
        "data_sent": {
            "count": 20221,
            "rate": 1827.8129095428046
        },
        "http_reqs": {
            "rate": 25.038533007435678,
            "count": 277
        },
        "iterations": {
            "count": 277,
            "rate": 25.038533007435678
        },
        "vus_max": {
            "max": 5,
            "value": 5,
            "min": 5
        },
        "http_req_duration{expected_response:true}": {
            "med": 42.723549,
            "max": 276.306165,
            "p(90)": 44.658737599999995,
            "p(95)": 45.238293999999996,
            "avg": 43.13025545126355,
            "min": 38.484129
        }
    }
}