{
    "metrics": {
        "http_req_duration": {
            "p(95)": 26.89785335,
            "avg": 23.946393166176467,
            "min": 18.648633,
            "med": 22.892366,
            "max": 43.088959,
            "p(90)": 26.6838401,
            "thresholds": {
                "p(95)<500": false
            }
        },
        "http_req_waiting": {
            "avg": 13.682486889705878,
            "min": 8.972388,
            "med": 12.9220045,
            "max": 22.426612,
            "p(90)": 16.160913700000002,
            "p(95)": 16.2433162
        },
        "vus": {
            "min": 5,
            "max": 5,
            "value": 5
        },
        "iteration_duration": {
            "avg": 147.4305990308825,
            "min": 130.137866,
            "med": 137.56487099999998,
            "max": 1210.123271,
            "p(90)": 143.83956569999998,
            "p(95)": 144.47863915
        },
        "checks": {
            "passes": 2040,
            "fails": 0,
            "value": 1
        },
        "http_req_connecting": {
            "p(90)": 16.7686303,
            "p(95)": 17.378378699999995,
            "avg": 22.691429858823547,
            "min": 8.046547,
            "med": 13.712436,
            "max": 1084.039316
        },
        "http_req_tls_handshaking": {
            "avg": 0,
            "min": 0,
            "med": 0,
            "max": 0,
            "p(90)": 0,
            "p(95)": 0
        },
        "http_req_sending": {
            "avg": 0.05136410147058825,
            "min": 0.010274,
            "med": 0.04289900000000001,
            "max": 1.340817,
            "p(90)": 0.078669,
            "p(95)": 0.09260005
        },
        "vus_max": {
            "value": 5,
            "min": 5,
            "max": 5
        },
        "data_received": {
            "count": 170000,
            "rate": 8444.16297360367
        },
        "data_sent": {
            "count": 49640,
            "rate": 2465.6955882922716
        },
        "http_req_failed": {
            "passes": 0,
            "fails": 680,
            "thresholds": {
                "rate<0.01": false
            },
            "value": 0
        },
        "http_req_receiving": {
            "med": 10.458708,
            "max": 26.576507,
            "p(90)": 10.7953672,
            "p(95)": 10.8989755,
            "avg": 10.212542175,
            "min": 4.139938
        },
        "http_req_blocked": {
            "med": 13.772078,
            "max": 1084.167446,
            "p(90)": 16.8361499,
            "p(95)": 17.43654815,
            "avg": 22.75930244852941,
            "min": 8.081179
        },
        "http_reqs": {
            "count": 680,
            "rate": 33.776651894414684
        },
        "http_req_duration{expected_response:true}": {
            "p(95)": 26.89785335,
            "avg": 23.946393166176467,
            "min": 18.648633,
            "med": 22.892366,
            "max": 43.088959,
            "p(90)": 26.6838401
        },
        "iterations": {
            "count": 680,
            "rate": 33.776651894414684
        }
    },
    "root_group": {
        "groups": {},
        "checks": {
                "status is 200 (ok)": {
                    "name": "status is 200 (ok)",
                    "path": "::status is 200 (ok)",
                    "id": "64090855956acd846ed7206255792f8a",
                    "passes": 680,
                    "fails": 0
                },
                "json ok = true": {
                    "name": "json ok = true",
                    "path": "::json ok = true",
                    "id": "0bf334b5db760ee2e25416391d2f1ae6",
                    "passes": 680,
                    "fails": 0
                },
                "cloud matches EXPECT (aws)": {
                    "fails": 0,
                    "name": "cloud matches EXPECT (aws)",
                    "path": "::cloud matches EXPECT (aws)",
                    "id": "81912986f77b960fcd60ee57b212685c",
                    "passes": 680
                }
            },
        "name": "",
        "path": "",
        "id": "d41d8cd98f00b204e9800998ecf8427e"
    }
}