{
    "metrics": {
        "http_req_tls_handshaking": {
            "min": 0,
            "med": 0,
            "max": 0,
            "p(90)": 0,
            "p(95)": 0,
            "avg": 0
        },
        "http_req_waiting": {
            "avg": 14.66437584502924,
            "min": 9.3099,
            "med": 13.2159955,
            "max": 228.368118,
            "p(90)": 16.9088781,
            "p(95)": 17.172832049999997
        },
        "http_reqs": {
            "count": 342,
            "rate": 33.04399254990724
        },
        "http_req_sending": {
            "avg": 0.0528713099415205,
            "min": 0.008488,
            "med": 0.0436755,
            "max": 0.271596,
            "p(90)": 0.09126380000000003,
            "p(95)": 0.11361579999999999
        },
        "checks": {
            "passes": 1026,
            "fails": 0,
            "value": 1
        },
        "http_req_duration": {
            "avg": 25.222587508771923,
            "min": 18.94582,
            "med": 23.967202,
            "max": 239.572251,
            "p(90)": 27.4011819,
            "p(95)": 28.0223946,
            "thresholds": {
                "p(95)<500": false
            }
        },
        "http_req_failed": {
            "fails": 342,
            "passes": 0,
            "thresholds": {
                "rate<0.01": false
            },
            "value": 0
        },
        "data_received": {
            "count": 85500,
            "rate": 8260.99813747681
        },
        "iterations": {
            "count": 342,
            "rate": 33.04399254990724
        },
        "http_req_blocked": {
            "avg": 22.68041975146199,
            "min": 8.048531,
            "med": 13.198907,
            "max": 1086.445962,
            "p(90)": 16.8117866,
            "p(95)": 17.811104
        },
        "vus_max": {
            "value": 5,
            "min": 5,
            "max": 5
        },
        "iteration_duration": {
            "med": 137.706687,
            "max": 1211.03797,
            "p(90)": 144.8213192,
            "p(95)": 145.6426017,
            "avg": 148.00668901461995,
            "min": 130.051525
        },
        "http_req_duration{expected_response:true}": {
            "p(95)": 28.0223946,
            "avg": 25.222587508771923,
            "min": 18.94582,
            "med": 23.967202,
            "max": 239.572251,
            "p(90)": 27.4011819
        },
        "data_sent": {
            "count": 24966,
            "rate": 2412.2114561432286
        },
        "vus": {
            "min": 5,
            "max": 5,
            "value": 5
        },
        "http_req_connecting": {
            "avg": 22.607244216374248,
            "min": 7.995652,
            "med": 13.119959999999999,
            "max": 1086.39237,
            "p(90)": 16.7683592,
            "p(95)": 17.762010349999997
        },
        "http_req_receiving": {
            "avg": 10.505340353801172,
            "min": 8.369814,
            "med": 10.585598000000001,
            "max": 12.167894,
            "p(90)": 11.2663981,
            "p(95)": 11.37204435
        }
    },
    "root_group": {
        "name": "",
        "path": "",
        "id": "d41d8cd98f00b204e9800998ecf8427e",
        "groups": {},
        "checks": {
                "status is 200 (ok)": {
                    "name": "status is 200 (ok)",
                    "path": "::status is 200 (ok)",
                    "id": "64090855956acd846ed7206255792f8a",
                    "passes": 342,
                    "fails": 0
                },
                "json ok = true": {
                    "passes": 342,
                    "fails": 0,
                    "name": "json ok = true",
                    "path": "::json ok = true",
                    "id": "0bf334b5db760ee2e25416391d2f1ae6"
                },
                "cloud matches EXPECT (aws)": {
                    "passes": 342,
                    "fails": 0,
                    "name": "cloud matches EXPECT (aws)",
                    "path": "::cloud matches EXPECT (aws)",
                    "id": "81912986f77b960fcd60ee57b212685c"
                }
            }
    }
}